{"episode_reward_max": -6.1803095024820145, "episode_reward_min": -7.870002512577088, "episode_reward_mean": -7.025156007529551, "episode_len_mean": 13.5, "episode_media": {}, "episodes_this_iter": 2, "policy_reward_min": {}, "policy_reward_max": {}, "policy_reward_mean": {}, "custom_metrics": {"cstr_viol_mean": 0.6581272629233454, "cstr_viol_min": 0.5704683333040871, "cstr_viol_max": 0.7457861925426037}, "hist_stats": {"h": [1.0, 0.9259526729296269, 0.8504664043121521, 0.7737343602857812, 0.69516204443386, 0.6154555958376199, 0.5376299086959823, 0.46064878250134556, 0.38339124871199115, 0.30874280494361556, 0.2391103481380919, 0.17251559270932254, 0.10970988746964423, 0.05283929153248872, -0.0014767343548306028, 1.0, 0.9241797151473268, 0.846614910510616, 0.7662750893202518, 0.6815340015717306, 0.596890609147244, 0.5104024803508114, 0.4236380365853382, 0.3376281945881994, 0.252063208911353, 0.1691436102091195, 0.08835070265636381, 0.010056884966760014, -0.06336718463647802], "v": [-0.783, -0.8067947526770534, -0.8137144528018836, -0.8336954633032623, -0.8532276743904238, -0.8578803544575483, -0.8120230803685659, -0.8408210996921964, -0.8172867968510388, -0.784635511175633, -0.7086638102080637, -0.7209676433944645, -0.6252280353720768, -0.5949642698499621, -0.5704683333040871, -0.783, -0.8451412650268316, -0.819530979937092, -0.9057299697784499, -0.9135337986180294, -0.9033913011224823, -0.9537764400883691, -0.908087444989485, -0.9386610285684585, -0.8975326655546382, -0.882298559213556, -0.851608158560973, -0.8287651097913163, -0.7457861925426037], "m": [1.0, 0.9709130752960842, 0.9359243444502354, 0.907227055456241, 0.8792416490097841, 0.8467389135042825, 0.7980907421668371, 0.776528951539596, 0.7389032558401426, 0.700377086987098, 0.6517289143164953, 0.6296842737913132, 0.5810360770781835, 0.5513010937253634, 0.5243738305588563, 1.0, 0.9868929302593071, 0.9382447462638219, 0.9354791139612595, 0.9021068137645721, 0.8633041535198689, 0.8477354215969641, 0.799087212618192, 0.7780864311049381, 0.7348604652067026, 0.7017289603749911, 0.6656964658717315, 0.633627418378989, 0.5878594128489495], "t": [0.0, 0.09313333333333333, 0.18626666666666666, 0.2794, 0.3725333333333333, 0.4656666666666667, 0.5588, 0.6519333333333333, 0.7450666666666665, 0.8381999999999998, 0.9313333333333331, 1.0244666666666664, 1.1175999999999997, 1.210733333333333, 1.3038666666666663, 0.0, 0.09313333333333333, 0.18626666666666666, 0.2794, 0.3725333333333333, 0.4656666666666667, 0.5588, 0.6519333333333333, 0.7450666666666665, 0.8381999999999998, 0.9313333333333331, 1.0244666666666664, 1.1175999999999997, 1.210733333333333], "T": [0.7336276554465294, 0.8824818216562271, 0.7238004459142685, 0.7058448042869568, 0.8197807860374451, 1.227, 0.5438297570049763, 0.9489917959570885, 0.971704058289528, 1.227, 0.5560081438422203, 1.227, 0.7499732322692871, 0.6791575870513916, 0.6791575870513916, 0.330585248708725, 1.227, 0.06975486007332803, 0.8417126989960672, 0.9786771783828736, 0.39267268252372745, 1.227, 0.5296800555288792, 1.090240956544876, 0.8356400157809258, 0.9088076062202455, 0.8088418529033662, 1.1543561285734179, 1.1543561285734179], "cstr_viol": [0.5704683333040871, 0.7457861925426037], "episode_reward": [-6.1803095024820145, -7.870002512577088], "episode_lengths": [14, 13]}, "sampler_perf": {"mean_raw_obs_processing_ms": 0.08916003363473075, "mean_inference_ms": 3.495522907802037, "mean_action_processing_ms": 0.05981751850673131, "mean_env_wait_ms": 0.3266845430646624, "mean_env_render_ms": 0.0}, "off_policy_estimator": {}, "num_healthy_workers": 0, "timesteps_total": 918, "agent_timesteps_total": 918, "timers": {"sample_time_ms": 112.423, "sample_throughput": 240.164, "load_time_ms": 0.011, "load_throughput": 2461874.087, "learn_time_ms": 141.472, "learn_throughput": 190.851}, "info": {"learner": {"default_policy": {"learner_stats": {"cur_kl_coeff": 0.20000000298023224, "cur_lr": 0.0, "total_loss": 0.6550298929214478, "policy_loss": -0.6397519707679749, "vf_loss": 1.2947818040847778, "vf_explained_var": -1.0, "kl": 0.0, "entropy": 1.3682509660720825, "entropy_coeff": 0.0, "model": {}}, "custom_metrics": {}}}, "num_steps_sampled": 918, "num_agent_steps_sampled": 918, "num_steps_trained": 918, "num_agent_steps_trained": 918}, "evaluation": {"episode_reward_max": -2.3431886405867863, "episode_reward_min": -2.3431886405867863, "episode_reward_mean": -2.3431886405867863, "episode_len_mean": 15.0, "episode_media": {}, "episodes_this_iter": 1, "policy_reward_min": {}, "policy_reward_max": {}, "policy_reward_mean": {}, "custom_metrics": {"cstr_viol_mean": 0.17405067050141623, "cstr_viol_min": 0.17405067050141623, "cstr_viol_max": 0.17405067050141623}, "hist_stats": {"h": [1.0, 0.9267030180712352, 0.8529539348926471, 0.7792740975669098, 0.7062321714931491, 0.6344486569716924, 0.5646009310451802, 0.4974290511882034, 0.43374270021212086, 0.3744306880187881, 0.32047309364310894, 0.27295715438569346, 0.23309710392963098, 0.20225878237192416, 0.18198902502950406, 0.17405067050141623], "v": [-0.783, -0.7905022469532222, -0.7926418798463147, -0.7889364671328466, -0.7788531118690447, -0.7618074353956708, -0.7371592961124154, -0.7042014359259878, -0.6621397934133592, -0.6100653509238939, -0.5469189825748754, -0.4714497234309958, -0.38216755159302335, -0.27729121861276995, -0.15469174431629965, -0.01183033075392484], "m": [1.0, 0.9642021853109201, 0.9275658397376537, 0.8901039296984672, 0.8518389914830526, 0.812806360900402, 0.7730562356849511, 0.7326536551276842, 0.691676831805706, 0.6502143228789171, 0.6083629832088947, 0.5662271768550079, 0.5239198620001475, 0.4815660841484865, 0.4393090573032697, 0.39731806442737577], "t": [0.0, 0.09313333333333333, 0.18626666666666666, 0.2794, 0.3725333333333333, 0.4656666666666667, 0.5588, 0.6519333333333333, 0.7450666666666665, 0.8381999999999998, 0.9313333333333331, 1.0244666666666664, 1.1175999999999997, 1.210733333333333, 1.3038666666666663, 1.3969999999999996], "T": [0.9028890182375908, 0.9240378758311273, 0.9448600398302079, 0.9651147501468659, 0.9844776535034181, 1.002574006676674, 1.01902935898304, 1.0335140914320946, 1.0457640407681466, 1.0555702605843544, 1.0627450135946275, 1.0670715279579164, 1.068243368446827, 1.0658023449182512, 1.059092876136303, 1.059092876136303], "cstr_viol": [0.17405067050141623], "episode_reward": [-2.3431886405867863], "episode_lengths": [15]}, "sampler_perf": {"mean_raw_obs_processing_ms": 0.060871243476867676, "mean_inference_ms": 2.15226411819458, "mean_action_processing_ms": 0.054955482482910156, "mean_env_wait_ms": 0.31691789627075195, "mean_env_render_ms": 0.0}, "off_policy_estimator": {}}, "done": true, "episodes_total": 71, "training_iteration": 6, "experiment_id": "56d08bf2f0454f518cb9b9f9cac64b85", "date": "2021-10-13_10-55-27", "timestamp": 1634115327, "time_this_iter_s": 0.3577103614807129, "time_total_s": 2.1359925270080566, "pid": 519940, "hostname": "spectral02-sys", "node_ip": "10.60.110.169", "config": {"num_workers": 0, "num_envs_per_worker": 1, "create_env_on_driver": true, "rollout_fragment_length": 15, "batch_mode": "complete_episodes", "gamma": 1.0, "lr": 0.0, "train_batch_size": 15, "model": {"_use_default_native_models": false, "fcnet_hiddens": [64, 64], "fcnet_activation": "tanh", "conv_filters": null, "conv_activation": "relu", "post_fcnet_hiddens": [], "post_fcnet_activation": "relu", "free_log_std": true, "no_final_linear": false, "vf_share_layers": false, "use_lstm": false, "max_seq_len": 20, "lstm_cell_size": 256, "lstm_use_prev_action": false, "lstm_use_prev_reward": false, "_time_major": false, "use_attention": false, "attention_num_transformer_units": 1, "attention_dim": 64, "attention_num_heads": 1, "attention_head_dim": 32, "attention_memory_inference": 50, "attention_memory_training": 50, "attention_position_wise_mlp_dim": 32, "attention_init_gru_gate_bias": 2.0, "attention_use_n_prev_actions": 0, "attention_use_n_prev_rewards": 0, "num_framestacks": "auto", "dim": 84,